-- Script INSERTs some starting data for the app

-- By default the password for the 'admin' account is admin
-- the starting salt for the admin account is "00000000000000000000000000000000"
-- which is obviously stored as a hexstring
INSERT INTO accounts (username, salt, password_and_salt_hash)
        VALUES ('admin', '6F3E52C3A6648442992D4A597D6678D9CCBDCFAEBD1A36466D7E726D32B93788',
        'DF5570D1C8CF304B28137058B40FCD58683DFBBC781F22AED99A167D96D4507C');
INSERT INTO admin_accounts (username) VALUES ('admin');

-- A viewer account (user=pass="xavier")
INSERT INTO accounts (username, salt, password_and_salt_hash)
        VALUES ('xavier', '81162EE7AF399374F9F3A794598CA85C3E4C6F28367697623E4C7F90FC8B8159',
        '5A2174EF0B4341C04D0CBE61A1A8B3EDE4ECD2F48F80359ED9B5F53A4B9C8548');
INSERT INTO viewer_accounts (username, email, nickname, first_name, last_name)
        VALUES ('xavier', 'xavier@xavierblack.me', 'xav', 'X', 'Blk');

-- The genre for a movie can be any one of: Romance, Horror, Thriller, Comedy, Drama, Biopic, Action
INSERT INTO genres (genre_title) VALUES ('Romance');
INSERT INTO genres (genre_title) VALUES ('Horror');
INSERT INTO genres (genre_title) VALUES ('Thriller');
INSERT INTO genres (genre_title) VALUES ('Comedy');
INSERT INTO genres (genre_title) VALUES ('Drama');
INSERT INTO genres (genre_title) VALUES ('Biopic');
INSERT INTO genres (genre_title) VALUES ('Action');

-- Amenities should be selected out of a standard list of amenities
-- including ATMs, widescreen, snack bar, and restaurant
INSERT INTO amenities (amenity_type) VALUES ('ATM');
INSERT INTO amenities (amenity_type) VALUES ('Widescreen');
INSERT INTO amenities (amenity_type) VALUES ('Snack Bar');
INSERT INTO amenities (amenity_type) VALUES ('Restaurant');

-- Age-ratings [just selected from australian classfication board] (G, PG, M, MA15+, R18+ X18+) 
INSERT INTO age_ratings (rating) VALUES ('G'); 
INSERT INTO age_ratings (rating) VALUES ('PG'); 
INSERT INTO age_ratings (rating) VALUES ('M'); 
INSERT INTO age_ratings (rating) VALUES ('MA15+'); 
INSERT INTO age_ratings (rating) VALUES ('R18+'); 
INSERT INTO age_ratings (rating) VALUES ('X18+');

-- dummy data from here on out

-- just some coming soon movies
-- here we must specify small images- this is because the string literal
-- (specified as X'some_hex_string') cannot be very long
-- within the application we can specify larger posters
INSERT INTO movies (title, release_date, age_rating, director, actors, synopsis, poster_mimetype, poster) 
    VALUES ('Ouija', '2014-10-24', 'PG', 'Stiles White', 'Olivia Cooke, Ana Coto, Daren Kagasoff',
    'A group of friends must confront their most terrifying fears when they awaken the dark powers of an ancient spirit board.',
    'image/jpeg',
    cast(X'ffd8ffe000104a46494600010200000100010000ffed003650686f746f73686f7020332e30003842494d04040000000000191c026700145649797250797a614a4c667446512d597946516400ffdb00430006040506050406060506070706080a100a0a09090a140e0f0c1017141818171416161a1d251f1a1b231c1616202c20232627292a29191f2d302d283025282928ffdb0043010707070a080a130a0a13281a161a2828282828282828282828282828282828282828282828282828282828282828282828282828282828282828282828282828ffc20011080030003003002200011101021101ffc400190001000301010000000000000000000000000204050307ffc400160101010100000000000000000000000000000102ffc400160101010100000000000000000000000000000102ffda000c03000001110211000001f2900005ad8e51ca9ec60caaf728db8c21a0007fffc4001f1000020200070100000000000000000000030401020005111213143015ffda0008010000010502f418b7d428c55a8d3acfab247ae1a7ce6d5e0a0c81265c67679c86b5f1d836f86c9a94d5365de9ffc40014110100000000000000000000000000000030ffda0008010211013f011fffc4001511010100000000000000000000000000002021ffda0008010111013f01347fffc4002110000201040203010100000000000000000102110003121321310422302341ffda0008010000063f02fa16242a03191ad7e4720a66a54f744e2b3b285af1d147a65038ab7731fd0be1dd23870caf5a1df5dc57c818eeadb58e05a5c167fb426001cc01141b63e43a33499fb2a743a8341495da8f3111f5ffc4001d100100020300030100000000000000000001112100314130516171ffda0008010000013f21f2383b1689799b5d94631955802e26a1aca99b80717802b9a9368f996d391ec4d99ba20892bf30ef22c1d3abfb9bb020203922db69631556431c3d95dc0f0a1583bf2fffda000c03000001110211000010f3cf03203f3cf3ffc40014110100000000000000000000000000000030ffda0008010211013f101fffc4001a110100020301000000000000000000000001002110112031ffda0008010111013f10cbb6888fb29c7fffc4001d100100020202030000000000000000000001112100314151306171ffda0008010000013f10f214663d44d00055816b41797823fb224b49863d26221448e6936db24334efbc7927bc3ae7cc804f6bb8ac48788012b9b8a6a472c728fb30450a31eb83161150a8100fa6ba8c5c27abc9b60375b71274d1541d82f0f58892c1c39c40086ec7161b95478470b30b11f3cbffd9' as blob)
    );
INSERT INTO movies (title, release_date, age_rating, director, actors, synopsis, poster_mimetype, poster) 
    VALUES ('White Bird in a Blizzard', '2014-10-25', 'PG', 'Gregg Araki', 'Shailene Woodley, Eva Green, Christopher Meloni',
    'In 1988, a teenage girl''s life is thrown into chaos when her mother disappears.',
    'image/jpeg',
    cast(X'ffd8ffe000104a46494600010100000100010000fffe003b43524541544f523a2067642d6a7065672076312e3020287573696e6720494a47204a50454720763632292c207175616c697479203d2039300affdb0043000302020302020303030304030304050805050404050a070706080c0a0c0c0b0a0b0b0d0e12100d0e110e0b0b1016101113141515150c0f171816141812141514ffdb00430103040405040509050509140d0b0d1414141414141414141414141414141414141414141414141414141414141414141414141414141414141414141414141414ffc00011080040004003012200021101031101ffc4001f0000010501010101010100000000000000000102030405060708090a0bffc400b5100002010303020403050504040000017d01020300041105122131410613516107227114328191a1082342b1c11552d1f02433627282090a161718191a25262728292a3435363738393a434445464748494a535455565758595a636465666768696a737475767778797a838485868788898a92939495969798999aa2a3a4a5a6a7a8a9aab2b3b4b5b6b7b8b9bac2c3c4c5c6c7c8c9cad2d3d4d5d6d7d8d9dae1e2e3e4e5e6e7e8e9eaf1f2f3f4f5f6f7f8f9faffc4001f0100030101010101010101010000000000000102030405060708090a0bffc400b51100020102040403040705040400010277000102031104052131061241510761711322328108144291a1b1c109233352f0156272d10a162434e125f11718191a262728292a35363738393a434445464748494a535455565758595a636465666768696a737475767778797a82838485868788898a92939495969798999aa2a3a4a5a6a7a8a9aab2b3b4b5b6b7b8b9bac2c3c4c5c6c7c8c9cad2d3d4d5d6d7d8d9dae2e3e4e5e6e7e8e9eaf2f3f4f5f6f7f8f9faffda000c03010002110311003f00f967c2be22f1ff0084b40d427f09595d4d757a1ad9afe0b1f3a7b70586f48d883e596000247241c7739f289f57f1a7c27f185af89b51b0b9b5d75ef22be8750be27cd778dd5dc649f98b1650f9c9ea0f7afa6ec1a3d3fc2777043afa695785992dd12d1e54970aa3cc6fdd1e7ef672471b702be76f8a375e28d725fb0ea8f36b105b48ef1dc456ccb1c87bb805148edc900e315f5f8ca7525377e9f89f1b956229ca9a4b54cfd52fd867e22eb1f1d7c12de3dbdd18d9cf35dc9a7dcdc45730ba48c8a18931aa2328f99700ef3cf5c552fda07e0e6b5f153c6f7367a75d7d9634b678964c0382ca718cf7ce31ee6be84f801f08b4df841f053c2fa659d9436b7434ab67bc78571e65c1853cc6fc5b3c76e94cb3fb3ff6cbcd34822323ed1bf8ddf4af91ab52d3bc4fb1a50bc5dcf8dfe0b7ec74d61f0a6ef4df1459ebb67e2f377218351835891112368d3864dec846f53c7967231f875527eca37379e0e86d3c47769a9deda7ef44d0c7b5a4c1ce0f6c9008e00eb5f66369900db23e187a5723e30d545941290b8001c003b62a655aac9dee5469412b58fc61fda8fe1eda695f15adec742812417702c881582fce38393e985f51d6bc6238563dc4796c490c0a03907aedff0039e9d715ef1fb5e4533fc4a91e2b855b694c8220a4e5096cb0fa720f1eb5e77a17c35d42e2ca2b88c132101840c870abb883cf724283c7635f674237b5fa9f3fed153a6f99ed7fccfb434cb1bc1617eb61afd86943cef31adee946e0caaac4070ea71c1e3a7cbef5e59f10f4af135b3de5e41e34b07826400db69fa92465930a0e62472012533804f233c640afaa27f0e5ce9b62c2c340b4beb3491b6e54191f2bb58e3191d463a75af0cf88be1ad7ae84905f58c5a5c4ccd20892d22465049c0042862339efd8d7b956946b54728dbf0ff873f36c2626a61a11a724fe57ff0086fb8fd20f885ae78eb51f803a1eb3f0e2ced753bfb8d26dee5239a4dadb5a256040fe2e0f41cfa66bc27c09a6fc6bf8896fa5c7e25b2b0d32d9668e692f2185a26d8082405dcd93c1ee3af4e2bd23f623f89779ad7ece706982d65d5f59f0c4874e3691b2a48f1677447e620001495e48ff00566bd2f5683e255ccb76f6365e1ed3adf03ecc97971248d9e33bc226077e8d5f9cd7a6e9d49536968f7ea7ec783abeda946aa7ba459b8b79acacd6366f30a8037579a7c41bcb85b79bcb91a3731b2923d08c11f91af4af0dd8789069d21f141d30de963b4699e6797b7eafce6b8cf89105badbb23ed0b8e4d7225efa48e9bd933f25bf6a1f0f4cbe2fb6b9312bec989c0efe9faf06b1fc31e38bc48a19a65812120ec0f86ca807920f39c60e31dcfa57aefed872e9ef7b04611893267e42012bb8138af9eb4bd22d515dae1650c2df1134230bbf2073c7a67f5afd17094554e5ba3f3fad5adccaf6d5dbf33f5bac3c3b77756532a4e965b6565442802b8c0c9c7e95e7fe26f8730d9c73c788669e41f7e300b77e3757bf6b7e0036d38325edd58068d4f97e48639cb671b811edd3b7d2b0a6f859777f76af6fad34219142a34299cee7249cf39219076c6def9e3cc58e8a6da96865fd973b2f775f53c83f67ed6ee3e0d7c4b8a61194d1754db6ba8228f9705be497ea84fe45abef55b38577109cb1c924e6bc5fc31fb3659a5b27fc24178d7cdbd9ca463692a589552dec081c75c577be32bad67c2de1f79f488cdfc70205f2dce6403a673dff009d7898da94f13514a1b9f4d97d2ad84a2e3576e9fa973c4da85a68f6cef2ba8206719af90fe3dfc6ad334f8a6f2e5494807280f5f6e0d617c4cf8abe2ed79278f2b6caf91f2e4b5793c3f0af59f1747e6de932a91f7bbf273cfad776172d506aa55679f8bcdb9d3a7491f2ff00c4ef134be36f14a5ecb14bf668e421633db83ebee6aa7db671a7adb794a028650b30f9d5073dfebd07ad7d637ffb3b476f6aad2c3e6bee0f9c72c71eb5f3bf8a7c342cbc4a616da228d704f5e833827bf6afb8c1283d8f83c4e2796694d773f577e39789efec3e2269ba469faadc69c2e34d69e72b0c728c2adc711a970db8c42e5f21702482db710a5b3e5b71e33f106af7a6d219759bfbcb5586d6dadacee63b6967b83711479c89c02005954998a6edc08538c8f50f8cda30d57e2c696b76b2368f25a5a4177b225214bcd729137999dc8448e8005043670d81cd71b3f84ded3c34d7ba36ab71a0eb377a2691adf9b6504734979a8cb34c638c238db9df84527a2b9ddb82a95fcda9b8a8ab9fa95552727667bc7c16d5e4d67e19e8b3dccb70f7c825b7bb5bc95e49a3b88e578e58dd9c962cae8ca7923e5e0918aedd9430208c83d41af9b6c7c0e7c25e21b4b0d5355b39f47d234a6d6bc5776b1cd1b24c433ef1309b3be49bcf98fcb90a873f7d4d735adfed6de221f0fad750b586cf4ef102eb725bdcdb3d93dcaa5ac96571776bb94c916d00c690cb2960aa619db3b466b2741d49370d8de38854e2a35347fd7f5f79d4fc5bf83696da8c9a8da423ecb2c9b8aa8fb87fc2b2343d016de0558d1548e0a91c575da77c49f155cf8ae0b6d69f47b9d2350f114be1efec68203f69876daf9de724de61120520ee5283e539c82b83d56a5e0e5d2b5268e220c2e37af1ce3d2bd0a55e4a2a9cd9e357c245c9d5a4b4ea79a6b7a129d2ee65740a123247b1af80fc796cf77e271e6c69e5f98d21017008dc719fcabf463e2ac474df05de6cc079008863df83fa66be16f1bf87e73ac4d328fdd30da873c851c7f9fad7db64d69d3727dcfccb89652a352318745afccfffd9' as blob)
    );
INSERT INTO movies (title, release_date, age_rating, director, actors, synopsis, poster_mimetype, poster) 
    VALUES ('John Wick', '2014-10-24', 'M', 'David Leitch, Chad Stahelski', 'Keanu Reeves, Bridget Moynahan, Willem Dafoe',
    'An ex-hitman comes out of retirement to track down the gangsters that took everything from him.',
    'image/jpeg',
    cast(X'ffd8ffe000104a46494600010100000100010000fffe003b43524541544f523a2067642d6a7065672076312e3020287573696e6720494a47204a50454720763632292c207175616c697479203d2039300affdb0043000302020302020303030304030304050805050404050a070706080c0a0c0c0b0a0b0b0d0e12100d0e110e0b0b1016101113141515150c0f171816141812141514ffdb00430103040405040509050509140d0b0d1414141414141414141414141414141414141414141414141414141414141414141414141414141414141414141414141414ffc00011080040004003012200021101031101ffc4001f0000010501010101010100000000000000000102030405060708090a0bffc400b5100002010303020403050504040000017d01020300041105122131410613516107227114328191a1082342b1c11552d1f02433627282090a161718191a25262728292a3435363738393a434445464748494a535455565758595a636465666768696a737475767778797a838485868788898a92939495969798999aa2a3a4a5a6a7a8a9aab2b3b4b5b6b7b8b9bac2c3c4c5c6c7c8c9cad2d3d4d5d6d7d8d9dae1e2e3e4e5e6e7e8e9eaf1f2f3f4f5f6f7f8f9faffc4001f0100030101010101010101010000000000000102030405060708090a0bffc400b51100020102040403040705040400010277000102031104052131061241510761711322328108144291a1b1c109233352f0156272d10a162434e125f11718191a262728292a35363738393a434445464748494a535455565758595a636465666768696a737475767778797a82838485868788898a92939495969798999aa2a3a4a5a6a7a8a9aab2b3b4b5b6b7b8b9bac2c3c4c5c6c7c8c9cad2d3d4d5d6d7d8d9dae2e3e4e5e6e7e8e9eaf2f3f4f5f6f7f8f9faffda000c03010002110311003f00c7bc5ce6b1e7b5de8e77100fa56c5c49b8d626a4cf10201201f435fa1b3f8970f7d1238cd6536097d403583e15f82ba0c1e2af08dfe9f7935ec32dedbdaea705c8cc6272be6300d8036e38c73f5ae87551b95c75c835cff803c693ea5e199acefe4115d68d3c71196288095e25706362ddd93e75cfa1ae1af08ce514d773f4bcaab56a14a53a72d344d7ae8bfaf33debf691d7f5bd1b40169a0c62c52051cc6426471c280a7dfb8af98fe26786fc4fe1ff000a7867c46f3c93cdab2edba59c29f25f2703a74c735ed1ae7c568fc71a1eb06fe28edfec7102b36edc01ce063f9e2bc33c65f18350f102e8de0d9223fd9293c2164914090e060e47519ce7af6af0eb412dd9fab6573934acb6dfd2c7a468babdde8c51a1970e000d8e87f0ad3d43c4779ac20599c6debb457309362ae432f1ef5d3eccf5e924dddee7ad8d3ee1c070871581e29b88747b37bab99563b78c12ce7b57ab9d1122b6f316e07980671dbe95f297ed15e249c5cdae982510c414cd22fa9ce07e5835ef6265ec21cccfe4dc820f37c646845d975f439af14fc6059fcf86c6d4c6841559ddf0c3df18a46f1669ff00053c57e234492ee5b37b18b748f1c5713cc67814b4437aec192edf3b21da17805882347c39fb2f6b3afe989ae986f2f74e7d2bedf15b6d16d34f36650f6e0b6ed8556195c395218041b7e7e394f8c7e1ebfd2f59f14ead76ea2eb477b3d35f4eb8b4de9720af9792491903cae1d46189c8d9d07cdd5ad524aedea7f4465f80c1d26a8d2575d77deeadfd6d7363e1478de3f1978aad6c2481e1d36e9649e195bcb4922f291b08cd808402aa3760704e715a09e05b8d79bfe134bf511b25fa430a43790cf13c7e4b306f919b07701df18ed5c5e99a79f07eb7aa477baf9d175cd242db0f234c46b1b79cab16b7fbf9639382db0e4abe0151b87b1681a549e1df86ba3d9dc6a5bacaf2cadefa1516c374f32a151825b3b143b0dd9e49fba48387413ad653e87b35b970cdca8fdaf5ea755abfc363a54daa4d6f72da9e936e92ac57900c15991b062957928c00638fe2032a48ce395823aecf419eefcad4aea4bd9639758471791c44224aae7710540c75e7dbb573d79a535a6a6b6b1b6e1263613e87d6bd374a515766d85ab7d1b3d9a3f163cf004100f388c6ecf1f5c5782f8c3e1ef88bc69f1bf453a569cd791da791753cac3f75146b264b31e9d7381dcd7abd94c23b96c7dd0c4572975f10bc5561f10351d27c33034b2881279500c968d064e7d47cc7f1ae8c63f694d293ea7f37f0cc5e0f1ee7421f65dff034356f8e7acfc2cd5ac34ad6236b65b7bc37105cb6447213b41c9e846171b7dcfae6b33e2b6a56ff0014f4b864d22fe0b2d59c4612ec31054c6fe6ab295236b8208dc41e198719cd7587c67e15f895a34fa478cf4f8d2e318951d30c0fa8ff001af01f16780f44f839aaea5359ea725ff86f50b39218ed59f2d0c870548ee318ea3d6bc4b38cbde5747ed38750ab47f752e5a96d34ba7f2fe91e79e27ba9d75fbbb7d474bb1d5f538c79136b2e652f31f2c2aca155c21900e3715249e48dd927a6f0bfc5ad461fb0695a8dadab68ff00674d3d50ab908caecc27525b890798549180548054f15e7f2fc409bfb2134a8ed604f2c00b77c9391dc700e6a1f10ea9f65823d2a1bc8af60d3dfed093400852d34711907201f94aa8fc0e38aca128a95e0cfad851a8e9a8d65aedff0006dd3d3a1f5769f786dadc263214601cf6aa1a85ccb25e25c27fac5c10076c564fc08d6bfe163690eec51ae6cc2c532b9c0ce386fc40fe75d5f8bb476d02ea30e15448a5b2a7e5af7db73829c5dd1961a2a137092d4dcb2ba079ce73deb99d7a3d5748f192eaba146d25edee9f25b3046dac7632bf1ebc03c7b574f6ba4cd1c7bc8e3d2b3bc513dddbe8d7175a736cd42d54c9111d4f1861f88cd39daa5368fe6bc057543171941efa3f9f7f9987178bfc3faddabd9f89a0537a8386c18678dbd55bafe1d0fbd78c7c61d31a2823bcb4d49b51d3633858ee4159133ea40dadd3af06bd1f4ff8f9a5ea5a5b5a788747b3d5611f230b8857729f663c83ee0d792fc506d2b52d4a3ff847d678ac986e36d2bb489193d949e7f3cfd6bc2aaef0693b9fbbe514e54eaa94935f97fc03828e6468b70b51bb1ddf1fd28d77488a3d6af66d364926d2e5ca234e40738182703b641c7b62aaea733e9c33237971e0f0a9c93e833546dfc4138d37618b2518107d8ff915c94d462ed267dacdcea24e9ec7a1fc0df1cdc7c3cd6d2560e96d7d21b59874e71946e783cee15ee7aff8e8ebcfbe5276aa15504e4f35f2dc9af4775a65c471e4ccbb261c7dd2add7f5af6bf01ebda66a7a6c57570632cea0b6fec71cfeb9af770f51461ecd3ba397d9b94f9e4accffd9' as blob)
    );
INSERT INTO movies (title, release_date, age_rating, director, actors, synopsis, poster_mimetype, poster) 
    VALUES ('Interstellar', '2014-11-07', 'PG', 'Christopher Nolan', 'Matthew McConaughey, Anne Hathaway, Jessica Chastain',
    'A group of explorers make use of a newly discovered wormhole to surpass the limitations on human space travel and conquer the vast distances involved in an interstellar voyage.',
    'image/jpeg',
    cast(X'ffd8ffe000104a46494600010100000100010000fffe003b43524541544f523a2067642d6a7065672076312e3020287573696e6720494a47204a50454720763632292c207175616c697479203d2039300affdb0043000302020302020303030304030304050805050404050a070706080c0a0c0c0b0a0b0b0d0e12100d0e110e0b0b1016101113141515150c0f171816141812141514ffdb00430103040405040509050509140d0b0d1414141414141414141414141414141414141414141414141414141414141414141414141414141414141414141414141414ffc00011080040004003012200021101031101ffc4001f0000010501010101010100000000000000000102030405060708090a0bffc400b5100002010303020403050504040000017d01020300041105122131410613516107227114328191a1082342b1c11552d1f02433627282090a161718191a25262728292a3435363738393a434445464748494a535455565758595a636465666768696a737475767778797a838485868788898a92939495969798999aa2a3a4a5a6a7a8a9aab2b3b4b5b6b7b8b9bac2c3c4c5c6c7c8c9cad2d3d4d5d6d7d8d9dae1e2e3e4e5e6e7e8e9eaf1f2f3f4f5f6f7f8f9faffc4001f0100030101010101010101010000000000000102030405060708090a0bffc400b51100020102040403040705040400010277000102031104052131061241510761711322328108144291a1b1c109233352f0156272d10a162434e125f11718191a262728292a35363738393a434445464748494a535455565758595a636465666768696a737475767778797a82838485868788898a92939495969798999aa2a3a4a5a6a7a8a9aab2b3b4b5b6b7b8b9bac2c3c4c5c6c7c8c9cad2d3d4d5d6d7d8d9dae2e3e4e5e6e7e8e9eaf2f3f4f5f6f7f8f9faffda000c03010002110311003f00fb4edf536b67004eadc64147c8c7bd6fe8fadde166549010c876393c03f5fa66b9f87c0f6e5cae6404f19dd5b9a2687fd9b2f96e1a589bef007ad759e42355fc6177a63ceb724dd5ba201bc8dbb08383b8f3db9cf7af89bf691f84b71f1b2da6f1c695e29bd91a587fe25b1584aa8b716eefb8467730c05dee7b7031826beb5f899a7259f852f2782e172c9b36c9d860e7a91d064ff435e1be11d06cfc27e0ad3e08562b6d564b79ee2d164e8acf3c8ca5549c721949c63834e095f41bbb5a9cbfc1cb1f0efecbf6d6864f116abadf9b77143246d21932d2f0c49c05da02a9c296fba79e4d7d9be07f12d8f8e340b7d51638986e23687ddb594f43c0ce383d3bd7ca0f6d078c34db8d2efe2b31ae16529f63642d2b81942c09ea5c32e07620fa63ddfe00d84d6de0d9229ee0c972b31906015d8ac07041009e43738a538ab0e0ec7a1ea9a1c5348b25a1166fdcc406187d2b2bc96d3cf98f726478f272c3e63c7b93c7f9cd6dbd83ede0918f7e45725af0bf594c4034b1fae3151109773a5934e811c179514fa641c5665e6b9a4dabbaf985c0daa1e30cc327b12aa40fcebc6b59d575e30a5de9d6b7577661f7e45b92a173db8ab9a478a27b9b46b7b9b548cb31dae7680338c679a2cc57357e326a6d73a4411e97f6b6397322431b3875c770b83c75ff00f5d60fc47d1f4a1e1fd3ef92582d7cab48aca24bd1947c7dde4104138efd73deb63c49e1cbbd66d63fb5bcb0481f7c72da4633ed900631d3f2eb56dade293c3cda65ed9b340e1d64497700ca49c291d48e6ad3d00f19f0edc791af69b78ecae2ceea26fb1dba8d8dcfcc0e396e39183d8d7b27823c4b2d96afa8ce2f2d6d2da7890a052b332904ed5c64755ed5f347856016d7773a45cacc560bc3033862cc023e15bb9181f364f6fd7d957c23a7e8ba85fdfea10bcd36a126f0266678a1c03c46831b79ce7249c9ebe94ece3a89367b77893c69368ba10bd4952eda305f104670f83d3192467f1fc2b8ff00f85ceb776b135d58cd6b34dc4719527764751b7767191918c8e6bc9fc5bad5ae976a117509ed6273c949038639c00c1b38e71d7ffd5e6b7118be99e64d76657272c8db955973fc2c0900f4fcbd38acd4514db3adf0e7c7cbbd3aca3b682da754424c877e41e31ce47f2c51a5f89ad753f14ff6d5a412da798e1ded249c32b1e840c81818ec738ae8adfe1cd8dc47e736c8a4639108dc0127b671c7e1576d7e1b59c53965778154f4f38649ee793d2b4d08d4eef44f18c02da386058e66ff009e24064038c8c64608f6f5f7ae67c58677f10cb731ea52584b1dbee5b21b8248c41da1491e9c9c1247248ad0b1f01402e7cc82eddfddb1cf7ec6bcebc7be14b36f89962b7ebae5fddf996fe54d6f029b48e3ce0191f696ceedc383dbdaa6c877391f8cdaa0f0578eb4ad4f4d9592cb5887cc945cc607efa3c2363d8aedfc4d7bc2e83278c3c3f6da8e95771ddc3730a9884aade5e7a315ce3a107f2af0dfda6fc141ed7c353413c514914d2c5189e30ebf36ce41cfca4607b1af50f0fc71f85bc15a7698971be5b78726f660c9924924e01e3ef71f419cd3e82452ff00853dabaea50cfa9c963f605933244661b9b9ec3a63f1efd2b675cd03c10975259ff65dce437df8a3db183818c796303eb5cadd6b9f677f9bc433c8572de4a49b49e7918cf3d6b3750f19585bcb2fdb755bc00361d8cc645e391f749148773a49bc571696006bfb70bc841082e5ff0023918cfd2b977f8f5e19d224896eb544b997e66289f274ec4b63924f15f24d9fc76bab4f10d9c57519b5d08cd189cd9c1e63ac0cc164dacc09ced0f8e792475ae6755f8a5a37887fb3e5d49afda76bc63a82418111858e7cc8b1fc78cf0723a6319228b94a27d77adfed61a77d99bfb3ec04920c95924b95db1e4ed0081920f5e3b77c76f0ef1a7c7fd63c43ad4b70be20bbb58485234fb1d42dfc9180bc10c09273cf049ce71c703c5ecf55f0fea0f6536ae9aa0926bd2d395064658085dac0807272241cfa0ef5ebff000e340f82f3c93ddf8875dd72242eeb12cb2ccb2221247ca02e18f20751f8f4a57b9a28232fc41f18b50f18436abaadcdbdddb5a95944335fc6ebd700e460649c67d39ce315663f8b8cfb16e2fa311e5e24ff004c8d9c30e0f2cc70bdc1e41c039c671e85e1af0afece37d7b66f71afeb8d0792cba8457735c2ec9309811fcbcae4c99393fc38ef5bfa0e95fb2c698ba2ff006ac56b3bc96eff006c8e7b9ba2f1cc4c614e0e308434c4e413cae7a1a2e57b25dcf13b3f89d02cb349f6995af66db724ab40c0e7f8432e46381d4679f6ade6f88d126a16eeb0bbb2a95633c8aeb2205e07dc07a718efb7b57bad8697fb375e5c69d2698fe0c4b8fed60b7ab2df4e8ada7b339dcaacc3f7aa0aaf3c12ac700102be42f881ad699a77c6af195be984cd630eb3789a7fd988689adbcd611056072cbb31839e9de9e844a9f2adcfffd9' as blob)
    );
-- and some movies already out
INSERT INTO movies(title, release_date, age_rating, director, actors, synopsis, poster_mimetype, poster) 
    VALUES('Shrek', '2001-05-18', 'G', 'Andrew Adamson, Vicky Jenson', 'Mike Myers, Eddie Murphy, Cameron Diaz',
    'An ogre, in order to regain his swamp, travels along with an annoying donkey in order to bring a princess to a scheming lord, wishing himself King.',
    'image/jpeg',
    cast(X'ffd8ffe000104a46494600010100000100010000fffe003c43524541544f523a2067642d6a7065672076312e3020287573696e6720494a47204a50454720763632292c207175616c697479203d203130300affdb00430001010101010101010101010101010101010101010101010101010101010101010101010101010101010101010101010101010101010101010101010101010101ffdb00430101010101010101010101010101010101010101010101010101010101010101010101010101010101010101010101010101010101010101010101010101010101ffc00011080032002103012200021101031101ffc4001f0000010501010101010100000000000000000102030405060708090a0bffc400b5100002010303020403050504040000017d01020300041105122131410613516107227114328191a1082342b1c11552d1f02433627282090a161718191a25262728292a3435363738393a434445464748494a535455565758595a636465666768696a737475767778797a838485868788898a92939495969798999aa2a3a4a5a6a7a8a9aab2b3b4b5b6b7b8b9bac2c3c4c5c6c7c8c9cad2d3d4d5d6d7d8d9dae1e2e3e4e5e6e7e8e9eaf1f2f3f4f5f6f7f8f9faffc4001f0100030101010101010101010000000000000102030405060708090a0bffc400b51100020102040403040705040400010277000102031104052131061241510761711322328108144291a1b1c109233352f0156272d10a162434e125f11718191a262728292a35363738393a434445464748494a535455565758595a636465666768696a737475767778797a82838485868788898a92939495969798999aa2a3a4a5a6a7a8a9aab2b3b4b5b6b7b8b9bac2c3c4c5c6c7c8c9cad2d3d4d5d6d7d8d9dae2e3e4e5e6e7e8e9eaf2f3f4f5f6f7f8f9faffda000c03010002110311003f00fcb7f865e3ab0d5efbc73f0ded3f67ef81daf6a3f08fc19e0ff15ea5e22d49fc6b7be28f115878b355f10f86751b9d66d349f887a6c7677fe17d524f0bc860b6b0b3b799356d3efaeac63b408daafa9378bed43863fb337c025ce9b6365e5ffc23ff0011828b8b496e259757007c4bde350d463bb105e2061a67956b6a6cf4eb49a369a4fd11f833fb3c7c38f11fc67bf93558ac9bfe145dedbd8f8ab578edc7f694fac789fc376f7f75f0f2d9e2d934ba5ea1e16f10e997de2c8e5375a6cd0ea3a7d8ada49ab40f73a3edfc4392f75af19eadf0e3f663fd9b7e1a89745b9d16d2fbe237c5eb4d6fc45e11fed3d4e2bfd59bc39a5d9d86a73789b50d761f0f6977daa38d1b47beb0b69574fb2d52e34f8efbedf63fb0f12fd3a786b807c62e31f06686419af8cfc46b882862b2bccf26ccb2ee06e1fe18a59cba307c119de679ce69ec7118fc8f12a9578e6d9751c7d2c550cd560f1d0cbebe555e35bf8db29f04bc48e39e18c938b3079c4b8170d43209bceb2fcc2188e24c7e612c9e83962789f070c2d08d4a785ccb0fcd39e03113a1530d5b0ee58678ba78ba325f9b30f8a05deb3a7cda7fecb9f02ae2e035d44346b5f0d7c4cbcb6d4e3b810c8b6f35937c4ab8b9736a2d7fd1ae2c65b6d41564b832ddcde6b93c778f3e29dbf85bc21a14b79fb347ecfb607c5bf1134ef871a6eb4740f19d8dde9b2dff00843c59e26d475b7d4b57f88f3688b63e1fb7f0e59c372fa8594ce750f1468de6dd08bc98ebf49aff00c49ab7c21783c41f1bfe187ecfbaaf82b4fb8d12cfc41f13be0078b75ff096b7e02bad72e6c63d2750f1268d2bda6aba0e81aacdabe93a4cd7da7ebda95e472eb305b6b3a7e936172d78be31f0dbe1f784bf6b997c65f16fc3be1bd0d3c15e0bf89be28f877f082caca31a9e99a0687e1ed33c3916bbace9577746e1e5d7fc4fe277d5a7d77c4292b6a1796567a268125d3697e1cd2ed2dbeaf82be943c47e33713e17823873c3fabe183c564d94716617c43ccb8932af10b8571190e1b3594f1f0ca6b6499c470d9d627344b0993d1c14a183786c3e2b3bc657ccf2ec6e55976171dc19cf8659b7875946273dcf389730e36c4e0f30ccb2bc470c6032fa9c318e58aad80a7432f75de33075b1184961f1752b6635f131a93a6a181c050a581cc219a626ae07f2cbfe114bcff9f27ffbe68afd9eff008640baff009f54ff00bf63fc28afefa5c53c35a7fb550e9f697f73cfc99fcc2b1fe29e9fec59974ff97b3e9cbff4f7cbf3f2bf2bab7c1bfda13c2bff00051ef8ddfb3b5f684969e02f8b1af78cbf6a2f87fac78aaff53f0f7817e307872cfc03e1d12f82f4cf10dae97ad7dbbc4fe03f1cdb5be95abf81ed2c86afa8689b6fe6b9d1746b8d3f589b3be037eca7f1ce2fda73f671f85bfb4f7ed0f6d67e17b3f8c9e0af8a3e13f05f82bc1569e2cb8ff84b3e1feb9e12f137833c23f107e3a6a1e1ef3a4d47c3fe18b04f1359781350d4a1f10dc683e39f0feb3accda869da90b74fe85bc63f19fe1bfed33adea1f0b7c1c96fa878474af02f82bc6b75e238edf51d1bc57a178cbc59aafc45d1b4c97c39aa482d6f342d6bc2f07845753b1d5f4d8edf52b3bfd56d9a2bb4785a13f82ff00b217fc13cfc71a7597c37d76c7e23ea1aadf7c2efdabbe37788f41f8b9a4fc45f08da6abf11350f116bba0687e33d6be3ac1e38d4759d6b58d7bc39a06889a75a595858d9eb0faa69b6f26917ba8e9abe24bfd3bfc01f12782f83b3cfed4e34c87159bd2adc6198d4fed3c4e539660b1f3c66171387cce8622a61f139861f15432655f1788a785c567352961b10e854a18578ca34e3879e1ff00ddff0008317898ff0062f08f1855a1fd8b91431981caf0988c453a143018acd7174e352bca2a787c3e2553a6b30cc67f5aab5e9d4a146786e7787ab468d3f7afdad3c29e28fd927f68dd77e137c5ff008e3a77c74b4f8e1f0b3e28f89ecff64ef875fb3945ae7867c796da2693f1235980f89f47f11691f187c4ede1c6934c7b9f1c41a3789b4d86d746bdbbd4751f234bd267d6ee792ff82657edafe08f89fe13f0cfc15f881fb2b68ffb254f637f61e13f074df0dbc3d3d9fc03d6fc65e24f2f58d3fc15616b06916f27c39f887e286bed4f58b0f056b379ae5d6aa6d6fef27f113eaba8d8d95f7c4bfb4a47f10f4cfdb6755fdb77f696f137fc267f0f74bf077c54f067c269b56d7ac75f97c6fe27b3d3ed7e033783b4bf86bf0d9b4ff1aea1a1f8aacaf35e5bd8e1b4d5349b0bbd2754d7b5a8b50d3ae758b41c3f8cfc07affc34f8fbff000468fd942cbe0af813e157c54f147ed29e12fdaefc55e3a26c6efe277803e127877e306ab7d7be17f1e7c4eb7b7d322f1758681f0ffc29a9ebfe24dd65a6682b2f866c2d349d2bec371a5d8e8ddde0c718e71c0b5f87f85f26c6671530557078355f29cd6961e593f0e6594e86271989cbf87ead18e068d3a785af57da66f5294f15899e6188c2ff00685594dd08568f177c3ae10cd329ad8bad84cb6966392e1e5f5dce72c939d7e28cd730c1e435b018caf8ac2d5c760b17c95eae6f84a10a94a9e2b0d81a587862161eb7b5a185feb6bfe14fdbff00cf98fcbffad457d37ff0bebf657ffa2cbf0e7ff0776fff00c4d15fd8ff00f112a3ff0041f4fa7fcc4d3f2ffa79e96f976d7f907fd415ff00408fa7fcb9ff000f97afe3d8fc3ef889e0af19fec1faefc58d23e19f873f680fda13c717be06f065ec973e32d3b4ab2d353584d36f6d7c3fa4683ade8de0ff000c69b7be0ed244dfda773a1783acfe20f8cec350bed6b4eb4d11ed60d07444fcbaf0effc1143f6a3f0d781acff006b3f8c5ac68bf163e13ebf677fe3df8bff0009fc37e0af88907c4ff14dd78d75fd63c45aa68be1e97458f56f11e8f7777a878c3508a7d1b5cf0ae996de1cbd9aec6acb2d9dc6a17537f63df123e167ed85ae7c55f115cf81ee3e06eb1f0b2ead7c5f71a241f12b59f1a68de22d1efeefc1ecfe11d2edf52f09e89e209fc4ba04ff001025bb7d5ed75a87c3afe02f0f6a37afe1f7f888e3c33a3f83b63c2de0dfdb83c3dfd9161a9695fb30ea3e147d73488bc4fe1fd1bc61f13a69eebc3b7f6b047e21b9d3175cf0558e9526aba2df349258c179f648bc4da5db2a4d71e1ed53f7d77fceb0c3b86535387964f8fc360212950c2d7c02c061ab616841ca30960f134f1caae1a0d569ce1529d058bb42129b55211a6bf7da99c46be27079855852a98dc3e330998559d49d46b118ac34e152339c63182539d44eea2f91294a318a52937fc237c30ff825d7c64f0f7c5cf83ff13bc29e12f1d5cea9e05f87568ff11b45f177c01b4d6e192d7c6de21f006851699e1d7d17c5fe1ff0cdf4da0783fc6aa8baa58788aee6b76f0d788fedba6fd8eeddadff00a6ef857ff04a1d2be3235a7ed17e2bf8b1f1af59f8b3a968779e05bad4bc69e1ff000cf84f52d1bc23a2f89af350ff008579a1e99abfc3f91f4ef0ba78912ef53d667f0eea7a745e2cd4446da86adafe8965a5c317ec278e7c15fb48fdbf5b8fe19f87fe005aa47e14b57f0fdc789351f11e99a2c9e277b7f896d2d8dec1a3f86b58d663b1b6d5b48f82534b7010a1b1d6be20de422f6eb42d1346d6dde11b5fdb474ad5858788ecff0067793c2c7c49a4496d3e8fe22f1acbaac3e1a9eea09bc5725edb4fe03d2ad67d69d66d464d06dec24b7b49ef20b4fed3beb58efae64b1f12af0d65d8cc6ce7996439ae3a8d5c3cf2f6eb4b09cdf57962ea62a9c6588a59953acf07879d5ab0c3d19d272a54a7184b9dc22e1ebe238db30965f1c160a747050857c3568c63c95a941d0cbf0b806a146be1eab8cab430987a93a8aade52a6936f67f987ff000e85b1ff00a193c47ff7fe3ffe4fa2bf7d7cd3ff003cd7f34ffe2a8aaff884de1fff00d13cba7fcc7e63fddffa8ef2fcbccf2ffd74e27ffa18d3e9ff0030197797fd42797e1e6cccb46623963dbb9f4ad5527675feeff234515fa31f2d1d97a2fc864848524120fae7d8d793f8f750bfb4bed352d6faf2d91cc5bd2dee66855f372ea772c6ea1b2bf29c83c71d28a28317bfca3f9234bed573ff003f13ff00dfe93ff8aa28a2811fffd9' as blob)
    );
INSERT INTO movies(title, release_date, age_rating, director, actors, synopsis, poster_mimetype, poster) 
    VALUES('Bob the Builder', '2001-01-15', 'PG', 'Keith Chapman', 'Rob Rackstraw, Kate Harbour, Neil Morrissey',
    'Bob the Builder is the animated adventures of Bob and his machines. Working together to overcome various challenges they get the job done.',
    'image/jpeg',
    cast(X'ffd8ffe000104a46494600010100000100010000ffdb008400090607080706090807080a0a090b0d160f0d0c0c0d2714151016201d222e281d1f26302f3332242c2f272a1f303d383134343a3034272c3c4433383c32302e2f010a0a0a0e0d0e1b10101b2f241f26372b3030322d2c372f2c2e2f34322e342c2c302c2e2c2c342c2f342c2c2c2c2c2c2f2c342c2c342c372f2c2c2c2c2c2c2c2cffc00011080040004003011100021101031101ffc4001b00000301000301000000000000000000000405060700020301ffc4003310000103030204040404070000000000000102030400051112210613314122516171143281a1071552b123627291c1d1e1ffc4001b01000203010101000000000000000000000405010203000607ffc4002f110002020103020403090101000000000001020003110412311321054151a12261f01415327181b1c1d1e19106ffda000c03010002110311003f00d86f52dd85112f338d9602b23b50fa9b1ab4dc26fa7ac58fb4c409bdc842ddc3b82eaf292adf48cd2e5d6bee3f33e7e50f6d1ae07c87fd94accf8ceb6ead0e8525a1e35636a663515ed2d9ec398b5aa752011cc01dbba979e520a527e524efef5e6aff00fd300ccb5a64791cfbe31085d2fa981377295cd5a43aaf06373be76a4ff7d6b570dd4e7e43fa9b9a13d2348172e6a834fe02fa050ef5e8fc2fc71752c2ab461bd8ff00505b68dbdd788cabd041a72ba7416e81b36e91ce4ea406c922b3bb1d33bb897ab3bc63991d6e8866cc698d7a756ea501d8522d3d42db0298ef5169ad3708cb88e444b6b71e0a541a6d5e35a46e558f3a8f19dcb50a291cf73fc7bfed00d3ee762eddcc53f9f40ce9e62b23b68ed5e5feedb76e7cfebcf30bd8d3eb779b71513f100151ef59368af03f0ce2861ed4869dc169d4abd8d0fb5eb39c106548f594d6e78bf0db5ab7501a49f322be95e1da9fb46992c3c9e7f31da2bb536b9109a366720ff13e6dc63fc0b101d710dba9739a9477c69c67ef4bf5d66d0067198cbc352b6625c71c44dc3b3e54a932deb738e294c473abc39c1253d3e99a5ba54b9159873e50dd5050556ce0c54f739fbcc97e6c85baeb9a014ad592d803e5f4f3fad45b63ba8dde522bad158ede0c29ab4424487a6e5ce62db09578b6c0ec05626d62a17d26fd350774f9f0d06525b4e541dd5d5077dfb554122495533c156892cca79689e5b634a4b41037077ce7cfb55d9ab2a015c9f399f4496249ed2ff80ee6245b55124be954b65c524ed8d636c114dbc3ba495f4d4fa9c453abad8316c769534ca07207f165c7a3c4b7bcc63515ad076c9c100ff8a5fafad5c2ee8cfc2c66c23e5177e18ceb7439d3db5c90cf3128c73d413a9593d3ed59e89f6e779026be22963e0e09959c57c3e8b8c75ca84ca04e0428a80c17401d09fda89d669faa9db9100d2dfd37efc4cf9d5c84216d05165e4ed85a7a1f514876ed6c308ec3ee5f84ce8ccab8f3025e30797fa99d5acfd08c0fef5761563e1cfb7eff00e480cf919c420adf92e7262b2b7de3d1b6c649aad55339c2ceb6d0832656707f0dcf8823cbba2198efa7254d34ad477cf534da9d094b4393c45976b43d6500e659d328be26e29b2fe756f0da1412fb2ae6359e8558e87d0d0fa9a7ac9b66fa7bba4fba64537e3ecf780d4db6a985bbe1015d159df657bd24b746c136b1e23eab51558bd8c31ce25e2265a119d9e52cc7fe212daf0a71bcefbf5d86fb628cd2eb402aa7b8e3f2826af495952e9cfb4597fb6cbe6fe610eeb25257f3f39d2e039e877cd32d6d288bbcae62fd1b3bbec07114b43890b6be6ca8e8c0c80e0c157f4f9d2966d2e4601fd3f98c425fc12258f095e1ee132d7c66a9ca9c47308484a9071b04fa6fd2983ecd32ab28ec467e7e5015adf505813dc4d6604f8b70683911e43831b80774fb8ed5bd76a5832a73057ad90e18426b4949cae9d03badae15da298d718e879ace4057549f307b1aab2861832cac54e44c6389ac90a1df9e660ca70b2d909c3a7592ac74f6a18e8c11f09c43abf10651b5866759f323dbacecc6b92c7356df2d096c1256474c7da8fb0034ec6f481d6c56dde9eb0cbd5b52b931d80e905b6d2738c904815e6fc2b4fd7a5ad271927da32b35cd5be3101beb1224466186569f88ea34ed939036f2eb9fa537bd02d680f976825169dec7d67b586f136cf717e5239ab90d39a64b4b3a4606d823bed9f6c52a42da775c761e91a5bb6f40b8fd7d3e7362b3dda35da287a3920e3c4dabaa4fad38a2f4b972b12db4b54d8687d6d329e6fbc88ec38f3a70db692b51f200574e9825daeb267df9c96e31f3aca8afa009e83d7a01d33fbd069a903e33dfebfd84355db022cbeb6fce9f0dd032d33a5d593bf8750ff55a5daaadd4853dfb8fd656ba981ef286ef7643b70756d36a5e00dbf48000de80f0c65d369551b9efee66b7565dc9116b13d06ecc4b92dc92865f69412082829fe61d46e68abad0e32bcff5ccaa215ec669fc67c28df1240170b590dcc71b4afc83e362357a8ed57ba91600e3996d36a0d2d83c44bc1511f837d6c0965494a4a16d6738c52dd236dbb18c1f38c757b5e8cfbcd3a9e44715f13449b3ac92a2db56da1f753a72e671a7b8fa8daaae37291254e0e665eae0fbe2db25b8c94a95a4788e452f4d236f01b884b5a00ed38f7095f9c2a6d7152a4ab478c1d3b0527231bf6cf7abb68427743eb2ab7e7f109d5ee10e2254a71c444404b8803257f2ff00da81a1c281993d71e90fb4f01cf92c162e1fc2e53cd9494fcaa402339f335a7d9143123bfd7795eb769aab4da5a690db634a10909481d80a2c0c0c4c22072d6f2789d5350da394e0054a0304903141352df68dfe50d5b97a1b3ce7ffd9' as blob)
    );
INSERT INTO movies(TITLE, RELEASE_DATE, age_rating, director, actors, synopsis, poster_mimetype, poster) 
    VALUES('The Judge', '2014-10-10', 'MA15+', 'David Dobkin', 'Robert Downey Jr., Robert Duvall, Vera Farmiga',
    'Big city lawyer Hank Palmer returns to his childhood home where his father, the town''s judge, is suspected of murder. Hank sets out to discover the truth and, along the way, reconnects with his estranged family.',
    'image/jpeg',
    cast(X'ffd8ffe000104a46494600010100000100010000ffdb00840009060714101215141214141515151414141515141514141416141417171814151416181c2820181a251b141522312125292b2e2e2e171f3338332e37282d2e2b010a0a0a0e0d0e140f0f172c1c141c2c2c2c2c2c2c2c2c2c2c2c2c2b2c2c2c2c2c2c2c2c2c2b2c2c2c372c2c2c2c2b2c2c2c372c372c2c2c372c372c372c2b2c2cffc0001108011200b803012200021101031101ffc4001b00000203010101000000000000000000000002010304050607ffc40044100001030203040607070203080300000001000211032104123105415161061322718191143252a1b1d1f00723426292c1e1728225b2f1246373747593a2c2151634ffc40017010101010100000000000000000000000000010203ffc4001c1101010101000301010000000000000000000111210231511261ffda000c03010002110311003f00f8da87a650f5968aed14a1da29841094ea13c2822e1029d54941d4292a852a13150885429508042950821054a872082852508210842082a508540842841ae12bc5959095e1654ae1652878b2940aa08b84f0a37840a45c292a4ea1050215109ca58542c221322110a88563291768098d604a051711394c1883077981efb20a94395fe8eef65dbb71dfa287619fecbadad8a0a1c84eea472cc18d660c44c4cf7d93fa33fd977e93f5bc20a542b1d49c0124181a98302749e08341dae5317dc776be507c9056856368389b35c6241804c1e09085442852a106f84af16562578b2cb4578b22133f4f1442184851170ac84a45c20522ea4a970b8f141088451098a884110885308417e0f13d5cda672fb8cdb81e07715652c606bf3806618d8b44372891de182db89591108361c63600836734cc36f9736efc3a816e1cd5389c5076631199859168f5c381f217e649deb4e1e8532d6e6807575e2d9c89d63d91a5819dc5450a0c23b6ded5fb209b8cf4803eb58c3aa0d774eeb866a7890c0d201ccd639978cbda73cc9e367e9c948c5805c403db7e77027743c1683cc54776bb969f46a608cd19431b2eb905d99809043af62edc2164c434068ec8073bc1824986e48bcc1d4de2e825f8f25c4c7ac4170fc2eb3b383c89793cadc1071833d3741ec38c8ecdda5ee7119b5367441b6aafa98767de0801c0bfab01c7b4d1a18278011c64eb0abea69d8d8459c24de21d9bc7b4cb6f85426131829b08233389718371a37d6e3241596bb8171226e49ed5cdc93aefdd75bd9836e66e85bd63c133ab0b5869cf0f5bea1739cd22c6c77a442a852854746143f44f095fa2cb6578b78a9843c5bc54c20884a45c2b2129170815c2e1490a5c2e14bc208ea1decbbf4951e8eef65dfa4fc97bbe8fd7a18ba95d8cf4fa6ca385c46219fedeeed0a0d05ad2deae1932342639acfb031f4f1789c3500ec753eb6b8a6f9c73ea761e2ce61c8d8703b8820caacbc5fa3bbd977e93f247a3bbd977e93f25d5da7b52b32bd46b2be2031955ed0d388aa4e5638b6ee9d4c7bd7ae3850768e070c2b63053c550c35479f4ba85ed7625a5dd83a43622e2f283e7be8eef65dfa4fc974b60f472be3aa1a541ad35034bb23deda6e2d1ab8678040ef5bb6b6da00546527e359519572873b1b52a34b1a5e1d2dcad8321b173bd767ec8710fa9b558ea8f7bcfa3e204bdce7980cb0971262e6dcd07877e19c0903b50633325cd3dce02eab7e1ddec3bf4bbe4bd47471bfe1b8cac1f8863f0c70b9053aef6532714f73097306f6e49b1133747436bd4c4e2e9d1ad5f1458f152ecc4d56b816527d410492356469bd07967e1ddec3bf4bbe4a3d1ddec3bf4bbe4bda6c8c5076cfaf8baafc5b9f46bd1a6d6b719558d2daf244c87196c4734fb140da4e3470f89c6e1f14439d469d5c53ab50ac5a24d3150063a93c804890e1644787f4777b0efd2ef9253877cfa8ffd2ef92f4f8035c50a989c4e2316da4cabe8eda6cad51b56ae232973a9e671229b58dbb9c41d40024dadc174968d478656f4da4c718eb68e3aa97b274739b51a5ae13131169841e44e19dec3ff004bbe491cd8b111c8d97bc662c3366d0c5d47e35f51f88a987735b8da94dbf76d0ece25ae2099d178ddab59b52b54753cf91cf25bd6bb3d483a677fe2773418d0a50a8e9a5a9a2951534f1596d0fd3c54a87e89820129d4264a7508076a13150ed429283d4fd9d0fbec5ffd331dfe46ac5f67e3fc4b05ff00334be2aad8bb4db869732ad7a6f7b1d4df92861ea34b1c6ec06a3e608024409e68c06328d0a8dab4aae25951a65ae187c31ca4ef683561be02db9111b5f6c5515eb7670d6ad545f058226cf70b934649e657b17b8bb6dec82624e1767130d6b449a6e986b400d1c80002f178aad87aaf73defc497389738fa3e1802e26492d6d502e75b5d741fd229ab4eb1c4627ada4d0ca553d1707998d6c86b5a43f40098e1365531cedb9b49d55d5586950196bbdf9e9d0a74ea435cf643dcc689692f6ebbc05e83ec687f8a37fe0620ffe0b998fdb6daed736a56c410f7073f2e13054dcf70320bdcc7873af7b9d5374776ab3678af5d8e2eab528d4c3e19a7287b454203ebd50090cca1b0d6c92e27809413d146e7d97b529b6efeaf015b28d7aba359fd6bbb9a1e0954740dd9318daa7d4a347155aa1dcd6370f5449ef739adef7059364e2e9e1dcca94eb62a955688cd4a9d22048873413546669e045f785a317b569546161ab5dac73839eda584c1506bdc2ed350517b73c1b8cd30506ad92dff04c6f2c5e0be0e58ba0944bb68619c0e56d1aacc45579b369d1a043eabde7f0b72b4893bdc06f57e076eb2852751a75b10293ccbe9bb0983a8c79b41707bce622044e8aac4ed5a7529f546b625b4c904d3a786c251a6e22e0bd94aa343c8dd33083bbb5aa0da5b36b54a0d25f86da189c4d4a4076fd1b1665b5728b90d300f00095c0fb3fd9f47158ea746bb054a6f65724667b4834a8d4a80b4b1c37b0033365560717470ef1528d7c6d2a8dd1f4e9d26b871122b6878685741dd28199ce15ebb1ef05aea94f0380a5588759df7b4dc1f71add11a86d03476261dcd65139b68623b356932b300ead8600a80c77ccf35e2f1d573d47bf23599dc5e18d195ad0f399ad60dcd01c23942f4d85e91b69516d06d7afd4b497369bf0782a8c0e3aba1ee3dae7aaf3db57166b567d4739cf2e3eb39ad63880006cb59d96d80102c2106350a50a8e8a8a9a2950fd165b0fd3c54a87e9e29820129d42b2102993702c353b8779415bb51e3f04ca4b09222fdd7dc84444221322110b0a213c288452909484e42528112bd3948f403d69c0d063cb83ea0a603641379320446a6c49b5ecb33d088ea1d974a47fb4d28b4ffed178eedc7e19a9ecf61009c45369807290735da1d1ccde3bfc6319487541bfff008ea46fe934c58764839a62e3581bfcc738c38ba418e2d0e6bc0d1edd0f3137f355bb550550a8429447412bf44ca1fa28d87689da95da78a7083561f0d9849d248b721fca5c7d7cd940686b5a2c370e26f724ef3e03727c05373dcda6d9873c49034981aee2bebdb5b61609e0532c6fddb034386b61c77acdb8b26be2adac375c8e1015f46a87c35cd05d792d2018efd09f8c893a2f41b73a1f4da496384702b838fd9268be9861395ed0419d0e8ed34de92ca9658bf64ec7ab8aac28d16e679999b06b46ae793ea81f575ec8f42b0587118ac5d473c09736886b5a395dae27dddcb8f82dba3058578a5ffe8c419a95342d6090c6b7c25ddeee4b82ec739dbe7eb54ed391edd9d05c2625a4e1316fcc209155ad7c4e9394348efbaf25b7ba3b5f04e02b33b2e30da8d39a9bb7c076e3c8c1b1b2d3b0f1cfa351b51a4db51c46f04705efc6d9a559868d519a95580f6907cc1fc2e0608234214dc5cd7c84848e5b76960cd0ab5293b5a6f7327886980ef1107c56372db2aca57a72123ff74543f4421fa21110521d558521d5108ed5414c7550502152828551d050fd3eb8a64b53451a4bf4f14c12bf4f14c115eb3a2bb35afa948e62c6f57d6bc9208963c8b468d232d8f03acaf4f5fa4186ce6982e719f58b5c27ba34f185c8e856d467a3be9917635c1fc5cd7b9c41062da86c7e50b6336236ad5606880fd05812d04924f2124ae57df5d27f14ed3da141b21f9a6dc4ee1160b918ea2c7d20f63a625b041ccd0eb1041dfda95b7a4b811e955440ca4da2ed2006e9b8ee5970efa629d50ee2c9e373bb9dd217af21b42a0eb1c1b25a1c409d489b481be22574709b36199ea92d912d018e793c49008cadd2e7cb8260ea53a554beb349bb9dc44b893b8cda574ab566d7305df76e112d706dc5c3493669d35b2ddac491184c04c92491a82260f085a2b63c521ea9798243746b40125ceee829f1b88b06c871bcbd87b240b588d42aa9ed1735b518f635cd7d27b018edb4bda40ca679dc1b159f6d7a72f6de28d6aa5ee10e2d666bcdc34007cb28f05cd216eda1598fc85808860699104e5243498df9607f6858cadc62ab2157515c555505950afd14297e8a1110529d539487508853aa0a93aa0a045282841d051505bcbe213c2bf0ae6b6ee8d200e3a4fede68acefa66343af02a4533c0ad871ac1a367dc155e9a4986b1b3ba64a1ae8745daf35c31ad73bac696b836fd990731e00102fba57d870dd1fa4c04d50daafcc21d1d96b5b10c6dee24124ef9bd842f9b745eb576666b1cc706ba93eb303e9d073dd525b469d22ef5c8209c93266d7b2f65b17a434b1243417971d26d279f30b9f971bf1bc73fed170ac652662a9b00fbcea2ae46868199b9a939c0730f6cef903705e1b23dd4c101d96a1765703941eab287804f03559e6be958fd90fc70a98601d15000eca2723987353a8e04da1c0778242f9e749f6b9189187631d4a96069bf0f4d8eb38bb30356a3b9b9c0780077abe3dea795ce39188c03c9b4771782a866cfac0cb43277f6810470237ad3476cba61c1a46e2041f15a863e4e90b6c7159355b12197b7aedb775d5d4dae79045f2f68005c64b45840b9936d46aaea75582f00f7fc9555f69bb469c838803e1a7b94c6b5cb345dc0fc55656ea98b10e152333729151a20bc3cdf37d0d39ac3d61cc584036ccd70b18de0f1e2aa694aaeae8ad21575744557534f1509de2de2a0840a937a74b174429d50507552510884c5083a1d52aea08a81a6d958eb1e26eb4d371173103e82e6bc935249275bf1b14855c02d38776559a9273515474f07b1f158da75861a93ea65a945cf2decb4756daa60bdc40cdf78204caf65f679b11d8d2ec6622bf50cc3b88c4939585ce6b43b3be6cc7657769fbcc58995ddfb2fa34b07b2ce2b104fdebea56cba4341eadb009825d9047785f28e90ed57e33118aa94c3994aa3bac7516939431848617b459d945e48b663cd0f4f71d34fb507540ec36cc268d0b87e2048ad54e84b09bb07e6f58f25f3eaad151b9bf1b443a4997b38cef20fb8f2589ae5a28552c21c3505056c0b5d2c465e7c9538e21b0582cf2600d1a4448eebdbf854b4389b9cbf1fe106eac7b21cd0e009d7d661e2d04684703cd50e69d5c7cd6b21e291fbd244b7307438113623b3208278f1596b3a6ea2971d005ad2193df24a861ed30f10e69f1b7eeaac6e9e23fca89b348dc7f9fd954682c505899f3274d5219e4a34870485a9ccf24867922972a32a2fc945f92202d4b95499e4a2fc90465422fc9088db8a796d870bf7c958858cf236e66dfbab6b5471b97493be3dcb397c912aa2da750a974bbb2dbb9c4340e25c607c54d42d2065d37f7ae9f45eb36962a9d67b439b43ef729d1d505a8b4ff007e53e0507bbe9f63861a851c0334c351675bceb160869fe9699ef7f25f2ec3e20b7ac8b17b7293f949970f1803c575b6fe2dcf973c973ea39cf793a973892e3e657198207bd038e1c7b85f81712207c9483b9271e7f41434a0d786acd32d7fa8e8b8d58458387bfc094d5708e64cc90378bdb7381de16368b2e96cdc796c35d700c0fe9be61e71ef41159e3abed6f21ae03db1796f22d83e2b2bdc0e961e6b46d8686b835bc498e42cdf7123b82cb475f8f7228c71d0733ee0025a776f97c61463dd2e1fdc7ccff08c39b1eefe511aec752660131e46db8ab4604912ded0e44c8ef06eb9d52a6570fed3e1bfe0ba54313901dc0ba4498b1885317598b3bfcca52ceff32b53a93eab9c6935ef0012e7318e2db7ace103d5df2b31078a344c9dfe6a3277f9a68295c4840a59dfe65193bfcd39d12b7440a588438908464cf7858dee93c16dc46140b3489fad40b2c8c6def1238e8b48d54db6b68026c3d52072264fedeef8954de0337b8df847fa2d1528e4b9781dd72a0af1cf2f227b967aaf930341afc95988a9bf7ee9f8fc56662a8b1c501eb661363d7acccf4e939cc923359ad91ac17112af6f46315af563f534fc0a2b002a0ba4dbbbc37aead3e8a62de72b29173b297656f69d946a4345c85d3c17d9a6d3aa3b38678feb1d5dbfbe14e18f3752a677171dfa770d14b5a7f75ee687d8fe2c5eb54c3d21bcbab831e0d69e2b456fb3ac2e184d7da6cb824368d335091c8936457ceb1beb780f7927f74d85e1f57576dca2d6622a358e2f648c8e2dc84b6204b64c1b7154d07117060cf8a23b9b2fa198bc716f514aa39a4019f210c17372e7400bd7e1fa1180c0c9da58815ea0d2861c9241bd9ee06372f234fa458bac053ab8aaef60101aeaaeca070cb3074de98be7ebb9457abdadd2f35691c3e169330b872329a7485dcde0f74495e0217668d40dcce3b818ef2200f32b8eed4f7a8a4292a6855892a6855541d12b74fae253bb44acf57eb89409510a6a21069a059af689fcc6de4158fa02a100349738c343412e24e81a06a792e2d2a842fa1fd946d7a184ab52bd6bd5032d33b98c89a8e1f98d84eb00f12ab0e3bfa0b8fa4c35df85acda61b32e0d6bc0dff779b39f25460760e22b09a387aaf274739b929ffdc7c37debeaf4fa554daeeb1ee35b13562040c9458648603b80100c6a7cd79adbfd33767fbc0e7d463e1c039bd4e5ded6c38de23498220c198cfebe35f9faf9d6ded97570d51acac21c5b9b505a6e47648b1d37715cecc42f7b8de95d0acc7d27d02ea6f24b455209a4f3f899505c0b9b6ee31a788c4d0eadee6ccc1b1e20dc1f285a97ea59f1d0c15373d94dad924e6868bc9924ee3b95cea459ab8823f35e7ba38fc957b371a69f56e063ab87efd43811bfe20a2a57ce493be4f9a82cf487332556b9cda81e48702439b1610e1074257a1a9d31c4bc00faf55da6ae3dcbcbd6a934c7f53efc672f7f3f356e1a992d0506ea9b5aa19971beb7596b5724fd7d6f56370d1a956bdf4a9b7338da63425070f681ed8fe91f12ab6231f5c3de4b74800787f32add9c7b5a05517ecf78cf788832b656c6cd983c4aa3102e5560a8a4c7d4700c74de4fc2dfba9662c54dddbf8f7f1ef55ed2a92c03810565c2d4026f04f15527b6fba5a9a149278fb828bf1f7051b58e364acf57eb9a894b948ff441351094cf1f70420e7ab28d62d3a955266364ad39b7d1aa5a736671bf60024127f843ea3bf15b96a93386e9ae93abbfb468d1df754b9df5aa0b5f5a567aaff97828252928365264b7c07c40b5be4af702d989d27f9f32354d846ce46f748ef9771e6377ee9b6808cde03eadc9455745a5e32c4099249fd9741b56c1a2cd1c35f3e2b9b80375b8141736e7e6b0edd7d9ade64fd79adcc2b95b6df2f1dca41816bc0bbb47b9630afc29ed7815a474de6567a8615cd2a1ec951a60ae6415942db55b0b238dd54ad183c61a67d56bdbbdaf0483e4411de08563316d132d3be3b6205edf8674b2c44a111d07e2d83d5cd3ce1452c5bdc20939012437f08262481b8d85d62646f56f5dc94569cc859bafef4298baadd4e135161261ba9f04af74ab3087b6d8394defc2c569959e8353d9e1bdbbcc0dfc5070152632e97d5ba1300eba485d3cceb7deb377e11688226fc63c902a9319aa34cdac008d75be900f985171c9a982a8dd5a7c21df0551a0e0402089b09042efb1deacbc0bc1bb6c21daf1d07ea50fa0c7c66a931cdba902534c5182c4015038e8341c387b92ed2aa1c73002fdd3038f0d6755a68e1290225c64dcddbcedeef7aa9d876389ed003300048f573413e574562c315b0393330b4c7e23e6df667c6f6f1569c3b33466b41332dd42046beeb97b50cbfc07eebb7e8f4c4f6f7dae3949f8ac38dc0b5ce27ac0d8817833606419e67c92257215940f6878fc169380131d608899b6b0606aaea3806027354168208800ce69ff0028f3550d4cab55f47094e0f6f8ef1b94d3c3b0832edeede340607b965a73ebd290b96bd1ba85383dbbde048d0189fdfc173df82a723b56cf97d66fab9667cd5895cc852bb076751b76cc1d4e66dad3a42cefc23006ba4905c011985819e5dca8e7ca1759d80a53ebc7097379f2ee1e2b9d89686bdc0680902e0e9be420ad0a0a100b4601c4546c5ccc79820e8b32b30f572383a2637491ef088f421c43b406dc4fe1b4cc7e64a731a80b40932dd4ef0003a7fbb23bd63a38f61bbc916169718be9e507c1594b1b48000b9da8cdebc91be3c7f7515a5ef7362c0cb8345cc08bf0e69dae2e6bdb02edb9bfe396cc46b65cfc3e26901da7b89ec9be7203b790aca38ea60005ce9ca0132e12403fbc7bd06fc538ddb692d78173f9470fcc3deaaaef739a1b03b60b6e4d896923772f7ae6bf1e0b9c0dc4bb2b8979891611e015e71948b8197449f6a621c0470d422eba06411a4996ea75899d380f7a2b036690d2731fad3f30f3586b6258fb0739b7241ed4da3f62e1e5c52d0c431b62e71398dfb776db771d541ba9562e0d2001043227587470e2a5cf749302fba488ecc5adf94ac8cc5d188974d8fe2d6419efd6fc5666d76b5ddaa8e702dbddd632df3dfe49834c54a9060372c385e490e06469c169a45d1b8c733a08e4b153c6519b97444476e0dbe73e655788c431c0e5a8e6c036975ceef87bd546fa5882259d9991bcfe31022da0ce3c90ca6fcdd98830e893620b77c5ecb051c6d33eb8ca6d719892445c9fad15e31b46419769f9fc7de1be48ad2e7bb337b3787b667498d6df97deaba94fac2496b465075b8be4748b7023cd7271d8a97cb1ce8881770d0ffa1540c4bfdb77ea2989ae83f1868c537024b40bcc0830e16f24cedb02672681c3d6f6a0f0e4b92e71372493c4df450ae1ad9b471bd710622277cea656450844084210056cd938dea2ab6a16e680f1630e19d8e6e663a0c3db9b30316202c708841eb3ff00b943e8b9ada8dea8d29cb563ae14cd3cceafd9ed3c8a79678103f0f6adc0f4dfab6b83a9bde5cca0d74d4040ea4343b24b4e5eb7292f3ac99dcbc7422107b0dabd336d7cbf74e19712dc4825e26439c724658cb95d13ac81dc397b77a41e91d5656161a47303983af9293006d8437ee7347b551de3c385283b788e9017bb31640ca0000c0045dc74fa80b9f8bc507bf306017983727fab8ac88435ba8638b7740e0dcc2fe6ac76d0116cc4fe6988bf072e74a2505cfad26ed6eb78913df7fa956bb134c35c053b9cb049988266fadc70592541416d4a8c23b2c8e724f927a7569c09649b5e5d73e6b3422106beb69fb1ef77cd6ac7ed6eb69369e4032c49fe9d206ed572d080844210808442108210a508210a5080421080421080421080421080421080421080421080421080421080421080421080421083ffd9' as blob)
    );
INSERT INTO movies(title, release_date, age_rating, director, actors, synopsis, poster_mimetype, poster) 
    VALUES('Gone Girl', '2014-10-03', 'MA15+', 'David Fincher', 'Ben Affleck, Rosamund Pike, Neil Patrick Harris',
    'With his wife''s disappearance having become the focus of an intense media circus, a man sees the spotlight turned on him when it''s suspected that he may not be innocent.',
    'image/jpeg',
    cast(X'ffd8ffe000104a46494600010100000100010000fffe003b43524541544f523a2067642d6a7065672076312e3020287573696e6720494a47204a50454720763632292c207175616c697479203d2039300affdb0043000302020302020303030304030304050805050404050a070706080c0a0c0c0b0a0b0b0d0e12100d0e110e0b0b1016101113141515150c0f171816141812141514ffdb00430103040405040509050509140d0b0d1414141414141414141414141414141414141414141414141414141414141414141414141414141414141414141414141414ffc00011080032003203012200021101031101ffc4001f0000010501010101010100000000000000000102030405060708090a0bffc400b5100002010303020403050504040000017d01020300041105122131410613516107227114328191a1082342b1c11552d1f02433627282090a161718191a25262728292a3435363738393a434445464748494a535455565758595a636465666768696a737475767778797a838485868788898a92939495969798999aa2a3a4a5a6a7a8a9aab2b3b4b5b6b7b8b9bac2c3c4c5c6c7c8c9cad2d3d4d5d6d7d8d9dae1e2e3e4e5e6e7e8e9eaf1f2f3f4f5f6f7f8f9faffc4001f0100030101010101010101010000000000000102030405060708090a0bffc400b51100020102040403040705040400010277000102031104052131061241510761711322328108144291a1b1c109233352f0156272d10a162434e125f11718191a262728292a35363738393a434445464748494a535455565758595a636465666768696a737475767778797a82838485868788898a92939495969798999aa2a3a4a5a6a7a8a9aab2b3b4b5b6b7b8b9bac2c3c4c5c6c7c8c9cad2d3d4d5d6d7d8d9dae2e3e4e5e6e7e8e9eaf2f3f4f5f6f7f8f9faffda000c03010002110311003f00f876c7e1fccc0b088900804815bb6bf0f58322bdbc85cf62bfcabde22f0958d85dc31cc76337214292719c738e83271935ddf84fc3763aaf89ed60288e617cba118e832467a12339c75afb16e9c136cf8c8ce7269247ce71fc20bab58a2965b1f284cb94de3923d715793e161dbc418ff80d7d8fae78374ad5eda3beb6ba825816dd27f3623bc796c5829e3dd5863d4564ea7e07b7d1e28e49b223971e56636def919184c673804e31c006b08e26948da74aac5ec7c7f77f0cc9620c0401fdd5c1ac6bdf85f7083885b91b86076afaf6ff00c29a7a99663246b1a422e1b1ce233fc5f4e0d538fc2964ed19876ca274768c01c90a406fc8900d74aa90e8cc54a7d51f1bb7c38b8c9fdd1fca8afae1fc051963fb8efe9451ce87cf23b297e1f5aeb1323ca2453808eb190048a0e403c7af7183c9e6bbaf0b78362d1b56fb45aa339793ccf25f05031fbc471919fad5ed3acd415ae9ec2c96374912352c0e7915f333aed9ed53c39d0d8687a6e97a7fd9a2d32da37b9c79a110741d01f5ea7f33497fe17d3a4589cdba00abb7cb64180318c01e98e2abeabaed8787f45bbd635536f6969670b4d2cb2155000193c9e32715cafecfff001653e3c78013c52740fec28e4b896de385e5136e5438dd9dab8fa63af7ae2e7b6a77f25f42c6b3f0ef4ad42096d920db04b6c2d084e088b9f973f89acb3f0c2d2cd34ffb3bcd12d8a3c71852a728c54946c8391f2af3d78eb5ea834b8908c46b8f65a4b8b55da46055ac434632c3a6794b7855327f77fa515e82d6a993c0a2b5facbee61f55479769fe20d317696d4ed403d32f8aeaf4df1269381ff00135b4ffbf95f0669dfb4ff008942127c0a8f8e9b6f9571f815cd769a1fed2dacfd8c493f8411e5c03b2dee49eb8e0feef03191dc8ae59465fcbf8a3d08b8ff0037e0c9bfe0a292ea5aa2e82f6f7065d074db537524711ca4923ca23663db29fb91cf4f3b8ea6bb7ff827078ef4bbbf875af682d7821bab4bd5bb11cce02949102e507b18ce7ea3d6bc6be3df8fb53f8c9f0f1b4c93c2b2e9d7313a4d0de1b990a20de37860220083b7a1ee17b8aa7fb2578cb51f84d15d99fc3d79aadb93346d2d95bbe464c4483b901f94c6dc13fc67f1d1b93c3b8db5f909463ed54afa7a33f4da2d42d65e23bb85fb7cad9aaf757b6d861f6a8b2383cf4af9c64fda5ac522465d035a52fe962d807dcf4fff0058ae6f58fda7a246751e1ad6ce327735ba28c7ae4b8af2e2ea37f09dce14d2f88fa6dafed727fd320ffbea8af909bf6a6b3c9ff893ea1f9c1ffc728adfdffe5661eeff00323e79d3d405c8001c7a56adacd22602bb0008e87e9451575054f7297c41bc9d3c07a8959e45398ba39ff9ecb53fc17bcb86d025633c84b5e4e492e79f9cf5a28acbfe5d7cce95f19df5ddc4b903cd7c6dce371aad772398d496249eb9345158c77369ec6696393c9a28a2b6398fffd9' as blob)
    );

-- add genres to these movies
INSERT INTO movies_have_genres(title, release_date, genre_title)
VALUES('Ouija', '2014-10-24', 'Horror');
INSERT INTO movies_have_genres(title, release_date, genre_title)
VALUES('White Bird in a Blizzard', '2014-10-25', 'Drama');
INSERT INTO movies_have_genres(title, release_date, genre_title)
VALUES('White Bird in a Blizzard', '2014-10-25', 'Thriller');
INSERT INTO movies_have_genres(title, release_date, genre_title)
VALUES('John Wick', '2014-10-24', 'Action');
INSERT INTO movies_have_genres(title, release_date, genre_title)
VALUES('John Wick', '2014-10-24', 'Thriller');
INSERT INTO movies_have_genres(title, release_date, genre_title)
VALUES('Interstellar', '2014-11-07', 'Thriller');
INSERT INTO movies_have_genres(title, release_date, genre_title)
VALUES('Shrek', '2001-05-18', 'Comedy');
INSERT INTO movies_have_genres(title, release_date, genre_title)
VALUES('The Judge', '2014-10-10', 'Drama');
INSERT INTO movies_have_genres(title, release_date, genre_title)
VALUES('Gone Girl', '2014-10-03', 'Drama');
INSERT INTO movies_have_genres(title, release_date, genre_title)
VALUES('Gone Girl', '2014-10-03', 'Thriller');

--add some cinemas
INSERT INTO cinemas(location, capacity) VALUES ('Chatswood', 80);
INSERT INTO cinemas(location, capacity) VALUES ('Kingsford', 50);
INSERT INTO cinemas(location, capacity) VALUES ('City', 120);

--add amenities to cinemas
INSERT INTO cinemas_have_amenities(location, amenity) VALUES ('Chatswood', 'ATM');
INSERT INTO cinemas_have_amenities(location, amenity) VALUES ('Chatswood', 'Widescreen');
INSERT INTO cinemas_have_amenities(location, amenity) VALUES ('Chatswood', 'Snack Bar');
INSERT INTO cinemas_have_amenities(location, amenity) VALUES ('City', 'ATM');
INSERT INTO cinemas_have_amenities(location, amenity) VALUES ('City', 'Widescreen');
INSERT INTO cinemas_have_amenities(location, amenity) VALUES ('City', 'Snack Bar');
INSERT INTO cinemas_have_amenities(location, amenity) VALUES ('City', 'Restaurant');
INSERT INTO cinemas_have_amenities(location, amenity) VALUES ('Kingsford', 'ATM');
INSERT INTO cinemas_have_amenities(location, amenity) VALUES ('Kingsford', 'Snack Bar');

--add screenings
INSERT INTO movies_screen_in_cinemas(location, title, release_date, screening_time)
VALUES ('Chatswood', 'Ouija', '2014-10-24', '2014-10-24 00:00:00');
INSERT INTO movies_screen_in_cinemas(location, title, release_date, screening_time)
VALUES ('Kingsford', 'Ouija', '2014-10-24', '2014-10-24 00:00:00');
INSERT INTO movies_screen_in_cinemas(location, title, release_date, screening_time)
VALUES ('City', 'Ouija', '2014-10-24', '2014-10-24 00:00:00');
INSERT INTO movies_screen_in_cinemas(location, title, release_date, screening_time)
VALUES ('City', 'The Judge', '2014-10-10', '2014-10-12 10:00:00');
--TODO add more dummy screenings
